Glass,Code,K1,L1,K2,L2,K3,L3,A0,A1,A2,A3,A4,A5,ThermalExpansion1e-7m/K,Melt Frequency,Relative Price,Glass,,,,,,,,,,,,,,,,,,,,,
,,,,,,,,,,,,,,,,,,,,,,,,,,,,,,,,,,,,,,
H-K9L*,517642,6.14555251E-01,1.45987884E-02,6.56775017E-01,2.87769588E-03,1.02699346E+00,1.07653051E+02,,,,,,,76,MA,7 ,H-K9L*,,,,,,,,,,,,,,,,,,,,,
H-K9L,517642,6.14555251E-01,1.45987884E-02,6.56775017E-01,2.87769588E-03,1.02699346E+00,1.07653051E+02,,,,,,,76,MA,10 ,H-K9L,,,,,,,,,,,,,,,,,,,,,
H-K9LA,517642,6.84743072E-01,3.13539741E-03,5.86772376E-01,1.48101330E-02,1.14804248E+00,1.16583792E+02,,,,,,,72,MA,10 ,H-K9LA,,,,,,,,,,,,,,,,,,,,,
H-BaK7,569560,6.59469741E-01,7.66009635E-04,7.62196700E-01,1.77403402E-02,1.19935835E+00,1.29975103E+02,,,,,,,72,MA,10 ,H-BaK7,,,,,,,,,,,,,,,,,,,,,
H-ZK11,639555,5.34615460E-02,4.56429986E-02,1.58378230E+00,9.12260162E-03,9.18196297E-01,8.93234474E+01,,,,,,,69,MA,10 ,H-ZK11,,,,,,,,,,,,,,,,,,,,,
H-ZK7A,613604,9.38065696E-01,4.38468072E-03,6.23491935E-01,1.69391481E-02,1.00587058E+00,9.32750706E+01,,,,,,,62,A,10 ,H-ZK7A,,,,,,,,,,,,,,,,,,,,,
H-ZK9B,620603,8.74918734E-01,3.73965378E-03,7.09627300E-01,1.63972089E-02,1.09453882E+00,1.00204324E+02,,,,,,,62,MA,10 ,H-ZK9B,,,,,,,,,,,,,,,,,,,,,
H-ZK3A,589613,9.64352845E-01,9.48895042E+01,7.74899660E-01,1.49854130E-02,7.12663198E-01,2.94423381E-03,,,,,,,55,MA,10 ,H-ZK3A,,,,,,,,,,,,,,,,,,,,,
H-ZK3,589613,8.55678320E-01,4.41734284E-03,8.97778708E-01,8.96045798E+01,6.31730586E-01,1.58041790E-02,,,,,,,52,MA,11 ,H-ZK3,,,,,,,,,,,,,,,,,,,,,
H-F4,620364,1.31898794E-01,5.79319500E-02,1.42441827E+00,1.06270032E-02,1.21746316E+00,1.17376535E+02,,,,,,,76,MA,13 ,H-F4,,,,,,,,,,,,,,,,,,,,,
H-ZK7,613606,,,,,,,2.56229558E+00,-1.08844706E-02,1.40997791E-02,3.79257039E-04,-2.41612681E-05,1.41616214E-06,61,D,13 ,H-ZK7,,,,,,,,,,,,,,,,,,,,,
H-BaK7A,569561,,,,,,,2.42067444E+00,-9.07062595E-03,1.48479874E-02,-1.63554726E-05,3.76515875E-05,-1.56033963E-06,60,D,13 ,H-BaK7A,,,,,,,,,,,,,,,,,,,,,
F4,620364,,,,,,,2.55446670E+00,-8.47847799E-03,2.32832892E-02,5.83809482E-04,2.19630010E-05,1.96537708E-06,91,D,14 ,F4,,,,,,,,,,,,,,,,,,,,,
ZF1,648338,,,,,,,2.63561610E+00,-8.83964200E-03,2.56447810E-02,9.65223740E-04,-1.83047980E-05,5.55635170E-06,89,D,16 ,ZF1,,,,,,,,,,,,,,,,,,,,,
H-ZF1A,648339,1.57527094E-01,5.85466694E-02,1.47922850E+00,1.11805229E-02,1.18166385E+00,1.15153843E+02,,,,,,,85,MA,16 ,H-ZF1A,,,,,,,,,,,,,,,,,,,,,
H-ZF2,673322,1.67643380E-01,6.05177711E-02,1.54335076E+00,1.18524273E-02,1.17313123E+00,1.13671100E+02,,,,,,,85,MA,16 ,H-ZF2,,,,,,,,,,,,,,,,,,,,,
ZF2,673322,,,,,,,2.70820441E+00,-7.94171159E-03,2.92224783E-02,8.84931615E-04,6.68620560E-07,5.65902766E-06,85,D,16 ,ZF2,,,,,,,,,,,,,,,,,,,,,
H-K51,523586,9.60161808E-01,1.16242480E+02,1.18368963E+00,1.18029997E-02,1.02338243E-01,-1.89575777E-02,,,,,,,80,MA,16 ,H-K51,,,,,,,,,,,,,,,,,,,,,
ZF6,755275,,,,,,,2.96285995E+00,-1.04077823E-02,3.56441238E-02,2.45699205E-03,-1.49615893E-04,1.77827751E-05,80,MA,17 ,ZF6,,,,,,,,,,,,,,,,,,,,,
H-ZK9A,620603,,,,,,,2.58407802E+00,-1.11281379E-02,1.54281597E-02,2.64033929E-05,2.77466467E-05,-1.24493904E-06,60,D,17 ,H-ZK9A,,,,,,,,,,,,,,,,,,,,,
H-ZK21,623581,8.94248925E-01,3.84521718E-03,6.96413489E-01,1.74130132E-02,1.07122355E+00,1.02205952E+02,,,,,,,62,MA,18 ,H-ZK21,,,,,,,,,,,,,,,,,,,,,
H-ZK14,603606,8.21911395E-01,3.69659724E-03,9.95367381E-01,9.79765358E+01,7.08381156E-01,1.59409871E-02,,,,,,,61,MA,18 ,H-ZK14,,,,,,,,,,,,,,,,,,,,,
F2,613370,,,,,,,2.53265982E+00,-7.73825354E-03,2.31731432E-02,4.09362855E-04,3.78046829E-05,1.03464346E-06,101,D,20 ,F2,,,,,,,,,,,,,,,,,,,,,
ZF4,728283,,,,,,,2.89234898E+00,-1.79339416E-02,2.30094722E-02,5.63906172E-03,-6.98154951E-04,5.25289979E-05,96,D,20 ,ZF4,,,,,,,,,,,,,,,,,,,,,
F1,603380,,,,,,,2.50596510E+00,-7.86861190E-03,2.15742140E-02,5.98679660E-04,-9.51946060E-07,2.90248580E-06,92,D,20 ,F1,,,,,,,,,,,,,,,,,,,,,
H-ZF1,648338,1.06294164E+00,1.08400406E+02,1.46910876E-01,5.91797128E-02,1.48922543E+00,1.15933111E-02,,,,,,,91,MA,20 ,H-ZF1,,,,,,,,,,,,,,,,,,,,,
F3,617366,,,,,,,2.54428229E+00,-8.35307611E-03,2.28231808E-02,6.70214922E-04,1.04294821E-06,3.03297376E-06,85,D,20 ,F3,,,,,,,,,,,,,,,,,,,,,
F5,624359,,,,,,,2.56837524E+00,-9.14046228E-03,2.25979637E-02,9.99853488E-04,-3.66330712E-05,4.93324803E-06,84,D,20 ,F5,,,,,,,,,,,,,,,,,,,,,
H-K9LGT,517642,6.14555251E-01,1.45987884E-02,6.56775017E-01,2.87769588E-03,1.02699346E+00,1.07653051E+02,,,,,,,76,MA,20 ,H-K9LGT,,,,,,,,,,,,,,,,,,,,,
H-ZK10,622567,1.48007727E+00,8.52142302E-03,8.74190019E-01,9.31901383E+01,1.05839500E-01,3.27272904E-02,,,,,,,65,B,20 ,H-ZK10,,,,,,,,,,,,,,,,,,,,,
H-ZK10L,623569,9.57266324E-01,1.00408853E+02,1.44528215E+00,8.04380200E-03,1.43179062E-01,3.04353080E-02,,,,,,,65,B,20 ,H-ZK10L,,,,,,,,,,,,,,,,,,,,,
ZF3,717295,,,,,,,2.84758519E+00,-1.05088281E-02,3.09450925E-02,2.13696398E-03,-1.31040120E-04,1.42428874E-05,83,D,22 ,ZF3,,,,,,,,,,,,,,,,,,,,,
H-ZK50,607567,4.34311306E-01,-1.92252587E-03,1.10560033E+00,1.47271072E-02,9.88776159E-01,1.10411650E+02,,,,,,,68,B,22 ,H-ZK50,,,,,,,,,,,,,,,,,,,,,
H-ZK6,613586,1.35139240E+00,7.35017182E-03,2.06957487E-01,2.54398321E-02,9.61153882E-01,9.95133128E+01,,,,,,,63,B,22 ,H-ZK6,,,,,,,,,,,,,,,,,,,,,
H-BaK6,564608,8.13984879E-01,3.92398403E-03,5.95734077E-01,1.64900015E-02,1.00704301E+00,1.07665801E+02,,,,,,,60,B,22 ,H-BaK6,,,,,,,,,,,,,,,,,,,,,
H-QK3L,487704,6.01737491E-01,1.25749740E-02,8.58737004E-01,9.23325663E+01,5.86761501E-01,2.68750900E-03,,,,,,,92,MA,23 ,H-QK3L,,,,,,,,,,,,,,,,,,,,,
H-BaK7GT,569560,6.59469741E-01,7.66009635E-04,7.62196700E-01,1.77403402E-02,1.19935835E+00,1.29975103E+02,,,,,,,72,MA,23 ,H-BaK7GT,,,,,,,,,,,,,,,,,,,,,
H-BaK2,540597,6.18389223E-01,1.74653825E-03,7.18400306E-01,1.58112967E-02,1.07451466E+00,1.26584788E+02,,,,,,,80,C,24 ,H-BaK2,,,,,,,,,,,,,,,,,,,,,
H-ZBaF50,658509,1.63431974E+00,9.83161322E-03,9.88379475E-01,1.02398826E+02,6.11984018E-02,4.99038842E-02,,,,,,,75,A,24 ,H-ZBaF50,,,,,,,,,,,,,,,,,,,,,
F6,625356,,,,,,,2.56849722E+00,-8.36232123E-03,2.34448291E-02,8.28924343E-04,-1.18355482E-05,4.09561662E-06,98,D,25 ,F6,,,,,,,,,,,,,,,,,,,,,
F13,626357,,,,,,,2.56957078E+00,-7.60403138E-03,2.49680705E-02,3.34501945E-04,5.68154380E-05,6.07326285E-07,94,D,25 ,F13,,,,,,,,,,,,,,,,,,,,,
ZF5,740282,,,,,,,2.91604320E+00,-1.04356470E-02,3.39078720E-02,2.27288020E-03,-1.35632130E-04,1.65275920E-05,86,D,25 ,ZF5,,,,,,,,,,,,,,,,,,,,,
H-LaK72,713518,7.46934431E-01,1.72608475E-03,1.12652731E+00,1.76390536E-02,1.11422643E+00,1.10121875E+02,,,,,,,84,C,25 ,H-LaK72,,,,,,,,,,,,,,,,,,,,,
H-F1,603380,1.32375817E-01,5.45903225E-02,1.15564934E+00,1.16785740E+02,1.37547893E+00,1.01495335E-02,,,,,,,79,A,25 ,H-F1,,,,,,,,,,,,,,,,,,,,,
ZF7,806254,,,,,,,3.12219660E+00,-1.06497910E-02,4.21918710E-02,2.89376600E-03,-1.65235940E-04,2.32918100E-05,79,B,25 ,ZF7,,,,,,,,,,,,,,,,,,,,,
ZF7L,805255,,,,,,,3.11724527E+00,-9.77958678E-03,4.31752564E-02,2.52279577E-03,-1.17399740E-04,2.07881157E-05,79,MA,25 ,ZF7L,,,,,,,,,,,,,,,,,,,,,
H-BaK8,573575,8.45101506E-01,1.00298196E+02,1.01452466E+00,5.55241848E-03,4.18518474E-01,2.02280796E-02,,,,,,,74,B,25 ,H-BaK8,,,,,,,,,,,,,,,,,,,,,
H-ZF4A,728283,1.67238093E+00,1.33653851E-02,1.34134437E+00,1.22464022E+02,2.04305471E-01,6.41192325E-02,,,,,,,93,MA,26 ,H-ZF4A,,,,,,,,,,,,,,,,,,,,,
H-ZF3,717295,2.03624748E-01,6.20712732E-02,1.64202576E+00,1.27139992E-02,1.38768085E+00,1.28254467E+02,,,,,,,90,MA,26 ,H-ZF3,,,,,,,,,,,,,,,,,,,,,
F7,636354,,,,,,,2.60275370E+00,-8.46789030E-03,2.46596174E-02,7.44512960E-04,-4.85328405E-06,4.25920114E-06,85,D,26 ,F7,,,,,,,,,,,,,,,,,,,,,
H-ZK20,617539,8.12249368E-01,1.81753969E-02,7.55251214E-01,2.47827771E-03,1.15073913E+00,1.44030731E+02,,,,,,,78,C,26 ,H-ZK20,,,,,,,,,,,,,,,,,,,,,
H-F2,613370,1.40477521E+00,1.04153446E-02,1.17495845E+00,1.13688956E+02,1.30830575E-01,5.68962426E-02,,,,,,,78,B,27 ,H-F2,,,,,,,,,,,,,,,,,,,,,
QF50,581409,1.31145759E+00,9.88576985E-03,8.40047425E-01,1.02880258E+02,1.32407269E-01,4.77527930E-02,,,,,,,90,D,28 ,QF50,,,,,,,,,,,,,,,,,,,,,
H-ZBaF21,723380,1.71447483E+00,1.06695401E-02,1.72919641E-01,5.36257488E-02,1.37586664E+00,1.27687623E+02,,,,,,,76,A,28 ,H-ZBaF21,,,,,,,,,,,,,,,,,,,,,
H-ZBaF52,670472,1.51688354E+00,8.57006565E-03,2.11371553E-01,3.70160061E-02,1.35763017E+00,1.44349229E+02,,,,,,,70,A,28 ,H-ZBaF52,,,,,,,,,,,,,,,,,,,,,
H-ZBaF20,702412,1.55463018E-01,5.00496620E-02,1.22204789E+00,1.19801735E+02,1.66611640E+00,1.02206327E-02,,,,,,,69,A,28 ,H-ZBaF20,,,,,,,,,,,,,,,,,,,,,
H-LaK51A,697555,6.39398694E-01,5.67124825E-05,1.18748481E+00,1.58001968E-02,1.26545352E+00,9.10970530E+01,,,,,,,63,MA,28 ,H-LaK51A,,,,,,,,,,,,,,,,,,,,,
H-LaK7A,713538,1.20674811E+00,8.43499012E+01,1.06717731E+00,4.38189500E-03,8.11229515E-01,1.89828890E-02,,,,,,,55,MA,28 ,H-LaK7A,,,,,,,,,,,,,,,,,,,,,
H-ZF4AGT,728283,1.67238093E+00,1.33653851E-02,1.34134437E+00,1.22464022E+02,2.04305471E-01,6.41192325E-02,,,,,,,93,MA,29 ,H-ZF4AGT,,,,,,,,,,,,,,,,,,,,,
H-K50,522595,1.19524701E+00,7.64077104E-03,8.95076933E-02,3.18085706E-02,9.20217443E-01,1.09312054E+02,,,,,,,79,D,29 ,H-K50,,,,,,,,,,,,,,,,,,,,,
H-F6,625356,1.44071636E+00,1.10480895E-02,1.28999184E-01,5.90811678E-02,1.16853639E+00,1.15021995E+02,,,,,,,78,D,29 ,H-F6,,,,,,,,,,,,,,,,,,,,,
H-ZBaF3,657511,1.75551746E-01,3.60804664E-02,1.51566987E+00,8.23043679E-03,1.11140587E+00,1.13991537E+02,,,,,,,75,B,29 ,H-ZBaF3,,,,,,,,,,,,,,,,,,,,,
H-F3,617367,1.40512926E+00,1.03407899E-02,1.40987722E-01,5.61355281E-02,1.52292764E+00,1.49776911E+02,,,,,,,74,D,29 ,H-F3,,,,,,,,,,,,,,,,,,,,,
H-BaK4,552634,5.59279457E-01,1.72756270E-03,9.85286498E-01,9.78673314E+01,8.18059461E-01,1.35929957E-02,,,,,,,61,C,29 ,H-BaK4,,,,,,,,,,,,,,,,,,,,,
H-LaF2,717479,1.62865121E+00,8.64219294E-03,1.11837078E+00,1.09900598E+02,2.53252293E-01,3.42503107E-02,,,,,,,74,A,30 ,H-LaF2,,,,,,,,,,,,,,,,,,,,,
H-BaK3,547628,6.35128580E-01,2.55407022E-03,9.20839763E-01,9.29065095E+01,7.24654326E-01,1.43580146E-02,,,,,,,62,C,31 ,H-BaK3,,,,,,,,,,,,,,,,,,,,,
H-ZK2,583595,4.27442699E-01,1.91755139E-02,9.07023646E-01,9.46355569E+01,1.04012009E+00,5.52619449E-03,,,,,,,61,D,31 ,H-ZK2,,,,,,,,,,,,,,,,,,,,,
H-LaF3B,744449,1.66486969E+00,8.95646712E-03,3.01622480E-01,3.50299695E-02,1.19738880E+00,1.23334438E+02,,,,,,,80,MA,33 ,H-LaF3B,,,,,,,,,,,,,,,,,,,,,
H-BaK5,561583,8.58085903E-01,1.01018871E+02,3.80070290E-01,2.03677495E-02,1.01787547E+00,5.64515890E-03,,,,,,,76,D,33 ,H-BaK5,,,,,,,,,,,,,,,,,,,,,
H-ZBaF16,667484,1.82247640E-01,3.68484589E-02,1.53664805E+00,8.85647420E-03,1.23072170E+00,1.34124694E+02,,,,,,,71,B,33 ,H-ZBaF16,,,,,,,,,,,,,,,,,,,,,
H-ZK4,609589,8.05862971E-01,3.65339732E-03,7.40367110E-01,1.62978769E-02,9.04054991E-01,9.59876087E+01,,,,,,,63,D,33 ,H-ZK4,,,,,,,,,,,,,,,,,,,,,
H-ZF10,689312,1.50060292E+00,1.45496272E+02,1.57641199E+00,1.21805144E-02,1.83076270E-01,6.05139545E-02,,,,,,,91,A,34 ,H-ZF10,,,,,,,,,,,,,,,,,,,,,
H-LaK2A,692545,9.14808038E-01,8.23260698E+01,1.00522491E+00,4.50504400E-03,8.03415958E-01,1.83713420E-02,,,,,,,80,B,34 ,H-LaK2A,,,,,,,,,,,,,,,,,,,,,
H-LaF50B,773496,1.17461263E+00,8.26267633E+01,1.65889744E+00,8.05128060E-03,4.13174064E-01,2.69612640E-02,,,,,,,58,MA,34 ,H-LaF50B,,,,,,,,,,,,,,,,,,,,,
H-ZK5,611558,9.20219055E-01,1.09361864E+02,5.31425413E-01,1.98985689E-02,1.01909144E+00,5.25819605E-03,,,,,,,86,D,35 ,H-ZK5,,,,,,,,,,,,,,,,,,,,,
QF5,582420,,,,,,,2.44405940E+00,-6.79746310E-03,2.14253870E-02,-3.85446490E-04,1.21952440E-04,-4.21622360E-06,83,D,35 ,QF5,,,,,,,,,,,,,,,,,,,,,
H-ZBaF5,671473,2.65135611E-01,3.42928637E-02,1.46645391E+00,7.99326644E-03,1.68212208E+00,1.79124162E+02,,,,,,,68,D,35 ,H-ZBaF5,,,,,,,,,,,,,,,,,,,,,
H-K10,518590,2.31760668E-01,2.37840711E-02,1.03993508E+00,6.15271269E-03,9.66966878E-01,1.17740117E+02,,,,,,,90,B,36 ,H-K10,,,,,,,,,,,,,,,,,,,,,
H-ZF11,699301,1.59868051E+00,1.26057844E-02,1.89448887E-01,6.17894718E-02,1.26870155E+00,1.21376823E+02,,,,,,,90,A,36 ,H-ZF11,,,,,,,,,,,,,,,,,,,,,
H-KF6,517522,7.36995941E-02,4.78548878E-02,1.19277164E+00,7.81132706E-03,1.01749455E+00,1.04241959E+02,,,,,,,70,B,36 ,H-KF6,,,,,,,,,,,,,,,,,,,,,
H-ZK50GT,607567,4.34311306E-01,-1.92252587E-03,1.10560033E+00,1.47271072E-02,9.88776159E-01,1.10411650E+02,,,,,,,68,B,36 ,H-ZK50GT,,,,,,,,,,,,,,,,,,,,,
ZBaF51,683445,,,,,,,2.75901640E+00,-5.81805260E-03,2.66099460E-02,-7.54859940E-04,1.76404590E-04,-6.72711730E-06,78,D,37 ,ZBaF51,,,,,,,,,,,,,,,,,,,,,
H-ZLaF50E,804466,1.22239213E+00,4.45444481E-03,9.52859931E-01,2.29973985E-02,1.37994067E+00,9.91991267E+01,,,,,,,62,MA,38 ,H-ZLaF50E,,,,,,,,,,,,,,,,,,,,,
H-ZBaF1,622532,1.05607188E+00,1.14460233E+02,1.45456542E+00,8.40268049E-03,1.29035718E-01,3.63054290E-02,,,,,,,60,D,38 ,H-ZBaF1,,,,,,,,,,,,,,,,,,,,,
QF3,575413,,,,,,,2.42455090E+00,-7.97140570E-03,1.91498920E-02,3.55050980E-04,1.39418820E-05,1.70577200E-06,93,D,40 ,QF3,,,,,,,,,,,,,,,,,,,,,
H-QF3,575415,1.31974395E+00,9.62233830E-03,1.06724103E-01,5.34250071E-02,1.12240441E+00,1.21814727E+02,,,,,,,90,C,41 ,H-QF3,,,,,,,,,,,,,,,,,,,,,
H-ZF5,740283,1.70024855E+00,1.33277515E-02,1.36322884E+00,1.22333810E+02,2.14513422E-01,6.35762871E-02,,,,,,,89,MA,41 ,H-ZF5,,,,,,,,,,,,,,,,,,,,,
H-ZF6,755275,1.64768548E+00,1.18179362E-02,3.14478021E-01,5.85408205E-02,2.03864924E+00,1.73964477E+02,,,,,,,87,MA,41 ,H-ZF6,,,,,,,,,,,,,,,,,,,,,
H-QF50A,581408,1.13568363E-01,5.29496322E-02,1.07619407E+00,1.14277366E+02,1.33131033E+00,9.76687365E-03,,,,,,,85,B,41 ,H-QF50A,,,,,,,,,,,,,,,,,,,,,
H-QF50,581409,1.29450546E+00,8.94503808E-03,1.50752291E-01,4.83713581E-02,1.08698065E+00,1.13959763E+02,,,,,,,77,B,41 ,H-QF50,,,,,,,,,,,,,,,,,,,,,
D-ZK2A,583595,7.12027143E-01,2.71554778E-03,7.55933735E-01,1.57695219E-02,1.03451888E+00,1.02738117E+02,,,,,,,66,A,41 ,D-ZK2A,,,,,,,,,,,,,,,,,,,,,
D-ZK2A-25,582595,7.27489738E-01,1.59824715E-02,7.37820290E-01,3.01481108E-03,1.06057574E+00,1.05478633E+02,,,,,,,66,A,41 ,D-ZK2A-25,,,,,,,,,,,,,,,,,,,,,
ZBaF2,640483,,,,,,,2.63241470E+00,-8.72517620E-03,1.91243020E-02,4.48593310E-04,-1.74732950E-05,2.86011450E-06,61,D,41 ,ZBaF2,,,,,,,,,,,,,,,,,,,,,
D-ZK3A,589611,6.01894946E-01,1.49574610E-03,8.86579018E-01,1.42973367E-02,1.12372824E+00,9.58496651E+01,,,,,,,59,A,41 ,D-ZK3A,,,,,,,,,,,,,,,,,,,,,
D-ZK3A-25,588610,6.00125686E-01,1.50823603E-03,8.85665979E-01,1.42989412E-02,1.12367562E+00,9.58973607E+01,,,,,,,59,A,41 ,D-ZK3A-25,,,,,,,,,,,,,,,,,,,,,
H-QF56,567428,1.01193506E+00,1.16639064E+02,1.10711906E-01,5.11036720E-02,1.29397308E+00,9.23739628E-03,,,,,,,94,C,43 ,H-QF56,,,,,,,,,,,,,,,,,,,,,
H-ZK8,614551,6.00949826E-01,5.19864453E-11,9.58288632E-01,1.67563008E-02,1.14059780E+00,1.33109431E+02,,,,,,,86,D,43 ,H-ZK8,,,,,,,,,,,,,,,,,,,,,
H-QF6A,532488,8.30014908E-02,4.93974056E-02,1.22223237E+00,8.30688707E-03,1.01475439E+00,1.14773547E+02,,,,,,,86,B,43 ,H-QF6A,,,,,,,,,,,,,,,,,,,,,
H-F5,624359,1.43541709E+00,1.08394789E-02,1.33104631E-01,5.81528460E-02,1.22151860E+00,1.20768299E+02,,,,,,,78,D,43 ,H-F5,,,,,,,,,,,,,,,,,,,,,
ZF13,785258,,,,,,,3.06161235E+00,-1.45895142E-02,3.28146593E-02,5.23989954E-03,-5.60505494E-04,4.64234125E-05,78,D,43 ,ZF13,,,,,,,,,,,,,,,,,,,,,
H-F13,626357,1.41150321E-01,5.76025273E-02,1.23908619E+00,1.17259382E+02,1.43200332E+00,1.06818976E-02,,,,,,,80,D,44 ,H-F13,,,,,,,,,,,,,,,,,,,,,
H-LaK52,729547,6.48528792E-01,1.65816179E-04,1.28450424E+00,1.58113883E-02,1.23774593E+00,8.57406109E+01,,,,,,,56,MA,44 ,H-LaK52,,,,,,,,,,,,,,,,,,,,,
H-QF8,541472,1.27874264E-01,4.24546034E-02,1.20201357E+00,8.11385854E-03,9.29469360E-01,1.09832978E+02,,,,,,,96,C,45 ,H-QF8,,,,,,,,,,,,,,,,,,,,,
H-LaK59A,691548,1.63613242E+00,8.69769737E-03,1.69161636E-01,2.95057126E-02,9.29984618E-01,8.24994109E+01,,,,,,,82,D,45 ,H-LaK59A,,,,,,,,,,,,,,,,,,,,,
ZF7LGT,805255,,,,,,,3.11724527E+00,-9.77958678E-03,4.31752564E-02,2.52279577E-03,-1.17399740E-04,2.07881157E-05,79,D,45 ,ZF7LGT,,,,,,,,,,,,,,,,,,,,,
BaF4,583465,,,,,,,2.45147200E+00,-6.51188790E-03,1.93773420E-02,-3.06376470E-04,1.01749850E-04,-3.92703560E-06,78,D,45 ,BaF4,,,,,,,,,,,,,,,,,,,,,
ZBaF17,668419,,,,,,,2.71148150E+00,-8.30310470E-03,2.37331950E-02,2.81977290E-04,3.94098990E-05,7.17562650E-07,78,D,45 ,ZBaF17,,,,,,,,,,,,,,,,,,,,,
ZF10,689312,,,,,,,2.75929053E+00,-9.20455833E-03,2.93164338E-02,1.48740799E-03,-7.05223488E-05,9.95388480E-06,76,D,45 ,ZF10,,,,,,,,,,,,,,,,,,,,,
ZF11,699301,,,,,,,2.79066890E+00,-1.06449770E-02,2.90718540E-02,2.12866070E-03,-1.58156250E-04,1.71452470E-05,73,D,45 ,ZF11,,,,,,,,,,,,,,,,,,,,,
H-LaK10,651559,7.83174579E-01,2.73169490E-03,8.94315049E-01,1.69034325E-02,1.13896900E+00,1.11158589E+02,,,,,,,71,C,45 ,H-LaK10,,,,,,,,,,,,,,,,,,,,,
H-LaF10LA,788475,1.93178403E+00,9.97340769E-03,1.89897276E-01,3.68891042E-02,1.09736515E+00,7.72777489E+01,,,,,,,61,MA,45 ,H-LaF10LA,,,,,,,,,,,,,,,,,,,,,
H-ZF50,741278,1.38419227E+00,1.21210226E+02,2.16862697E-01,6.42534343E-02,1.69855074E+00,1.35195855E-02,,,,,,,95,B,46 ,H-ZF50,,,,,,,,,,,,,,,,,,,,,
H-QF1,548458,1.24414177E+00,8.67592204E-03,1.08792977E+00,1.24770880E+02,1.06583226E-01,4.73895753E-02,,,,,,,93,B,46 ,H-QF1,,,,,,,,,,,,,,,,,,,,,
H-ZF7LA,805255,1.65846092E+00,1.44874699E+02,2.98796445E-01,6.35424599E-02,1.81848340E+00,1.41908346E-02,,,,,,,90,MA,46 ,H-ZF7LA,,,,,,,,,,,,,,,,,,,,,
H-ZF7LAGT,805255,1.65846092E+00,1.44874699E+02,2.98796445E-01,6.35424599E-02,1.81848340E+00,1.41908346E-02,,,,,,,90,MA,46 ,H-ZF7LAGT,,,,,,,,,,,,,,,,,,,,,
H-ZF52,847238,4.09982615E-01,6.21421199E-02,2.37517176E+00,1.85055134E+02,1.83913582E+00,1.36093459E-02,,,,,,,88,MA,46 ,H-ZF52,,,,,,,,,,,,,,,,,,,,,
H-ZF52GT,847238,4.09982615E-01,6.21421199E-02,2.37517176E+00,1.85055134E+02,1.83913582E+00,1.36093459E-02,,,,,,,88,MA,46 ,H-ZF52GT,,,,,,,,,,,,,,,,,,,,,
H-ZF13,785257,1.73521591E+00,1.31087904E-02,3.16277446E-01,6.21421663E-02,2.16384634E+00,1.78845558E+02,,,,,,,86,MA,46 ,H-ZF13,,,,,,,,,,,,,,,,,,,,,
H-ZF13GT,785257,1.73521591E+00,1.31087904E-02,3.16277446E-01,6.21421663E-02,2.16384634E+00,1.78845558E+02,,,,,,,86,MA,46 ,H-ZF13GT,,,,,,,,,,,,,,,,,,,,,
H-F51,640345,1.19880199E+00,1.18703083E+02,1.46782039E-01,5.86919967E-02,1.46655148E+00,1.11709187E-02,,,,,,,84,D,46 ,H-F51,,,,,,,,,,,,,,,,,,,,,
H-ZF12,762266,3.23730379E-01,5.98308169E-02,1.65668629E+00,1.20542686E-02,2.12141520E+00,1.74187920E+02,,,,,,,84,A,46 ,H-ZF12,,,,,,,,,,,,,,,,,,,,,
QF6,532488,,,,,,,2.30448840E+00,-8.37823210E-03,1.44243420E-02,3.33743110E-04,-4.46574560E-06,1.33499290E-06,82,D,46 ,QF6,,,,,,,,,,,,,,,,,,,,,
H-LaK1,660574,9.64886701E-01,9.11939330E+01,4.68480585E-01,2.05810529E-02,1.23722796E+00,6.08509423E-03,,,,,,,77,D,46 ,H-LaK1,,,,,,,,,,,,,,,,,,,,,
H-ZLaF56B,806333,1.93771288E+00,1.22003756E-02,1.56440326E+00,1.22447532E+02,2.14505628E-01,5.78880425E-02,,,,,,,74,MA,46 ,H-ZLaF56B,,,,,,,,,,,,,,,,,,,,,
H-LaK11,665546,1.09089534E+00,4.92618902E-03,6.28435989E-01,2.03181412E-02,1.01438282E+00,1.00530943E+02,,,,,,,72,C,46 ,H-LaK11,,,,,,,,,,,,,,,,,,,,,
H-LaK50A,652584,7.59437631E-01,2.23196710E-03,1.16056755E+00,9.10466256E+01,9.23360830E-01,1.58590987E-02,,,,,,,63,B,46 ,H-LaK50A,,,,,,,,,,,,,,,,,,,,,
D-K9,516641,5.67853792E-01,2.38581579E-03,7.02269689E-01,1.35348332E-02,1.08102455E+00,1.07748228E+02,,,,,,,63,A,46 ,D-K9,,,,,,,,,,,,,,,,,,,,,
D-K9-25,516640,1.08234297E+00,1.07907645E+02,5.48438846E-01,2.19092900E-03,7.19999855E-01,1.34070020E-02,,,,,,,63,A,46 ,D-K9-25,,,,,,,,,,,,,,,,,,,,,
H-ZK1,569630,1.06131555E+00,5.43666583E-03,3.65740168E-01,1.87659148E-02,1.03466756E+00,9.75169702E+01,,,,,,,61,D,46 ,H-ZK1,,,,,,,,,,,,,,,,,,,,,
H-LaK4L,640602,4.02312889E-01,-2.67679247E-03,1.24575177E+00,1.31716110E-02,1.28904431E+00,9.33654804E+01,,,,,,,60,A,46 ,H-LaK4L,,,,,,,,,,,,,,,,,,,,,
H-LaK53B,755523,1.03141220E+00,3.95421648E-03,9.85282193E-01,1.86863118E-02,1.17066017E+00,8.11326753E+01,,,,,,,57,MA,46 ,H-LaK53B,,,,,,,,,,,,,,,,,,,,,
H-K11,526602,7.95536936E-01,4.00873219E-03,5.00949252E-01,1.75436655E-02,9.05052235E-01,1.11287063E+02,,,,,,,94,D,47 ,H-K11,,,,,,,,,,,,,,,,,,,,,
H-K12,534555,,,,,,,2.31506425E+00,-8.27156166E-03,1.29535559E-02,2.68505199E-04,-5.46028268E-06,6.24325621E-07,92,D,47 ,H-K12,,,,,,,,,,,,,,,,,,,,,
H-QF14,596392,1.17413204E+00,1.19558629E+02,1.36038248E+00,9.92935549E-03,1.25239591E-01,5.38484281E-02,,,,,,,78,D,47 ,H-QF14,,,,,,,,,,,,,,,,,,,,,
QF1,548459,,,,,,,2.35049510E+00,-8.68570210E-03,1.60928570E-02,1.87059120E-04,4.21495810E-05,-1.32160620E-06,77,D,47 ,QF1,,,,,,,,,,,,,,,,,,,,,
D-ZK2,583594,4.02765796E-01,1.90634710E-02,1.01706887E+00,1.01270923E+02,1.06495499E+00,5.90052089E-03,,,,,,,73,A,47 ,D-ZK2,,,,,,,,,,,,,,,,,,,,,
D-ZK2-25,582593,1.10449460E+00,6.20948070E-03,3.60941240E-01,1.96844329E-02,1.01208343E+00,1.01038646E+02,,,,,,,73,A,47 ,D-ZK2-25,,,,,,,,,,,,,,,,,,,,,
D-ZK3,589612,1.33936811E+00,7.60612309E-03,1.48690268E-01,2.38444644E-02,1.00954033E+00,8.90419787E+01,,,,,,,72,A,47 ,D-ZK3,,,,,,,,,,,,,,,,,,,,,
D-ZK3-25,588613,1.24347604E+00,1.08031442E+02,9.18798491E-01,1.39520404E-02,5.67180042E-01,1.27620015E-03,,,,,,,72,A,47 ,D-ZK3-25,,,,,,,,,,,,,,,,,,,,,
D-ZK2L,587596,5.12521894E-01,1.76943616E-02,9.67402158E-01,5.10795325E-03,1.12488967E+00,1.09103770E+02,,,,,,,,D,47 ,D-ZK2L,,,,,,,,,,,,,,,,,,,,,
D-ZK2L-25,586595,5.30248488E-01,1.75027403E-02,1.12537335E+00,1.09192004E+02,9.47317341E-01,4.98306497E-03,,,,,,,,D,47 ,D-ZK2L-25,,,,,,,,,,,,,,,,,,,,,
BaF7,614400,,,,,,,2.54364160E+00,-8.69252160E-03,2.00491920E-02,8.97953520E-04,-4.97344730E-05,5.35560000E-06,83,D,49 ,BaF7,,,,,,,,,,,,,,,,,,,,,
H-ZLaF66,801350,2.33018785E-01,5.37435377E-02,1.90660392E+00,1.14336559E-02,1.37147086E+00,1.10630887E+02,,,,,,,79,A,49 ,H-ZLaF66,,,,,,,,,,,,,,,,,,,,,
H-ZLaF66GT,801350,2.33018785E-01,5.37435377E-02,1.90660392E+00,1.14336559E-02,1.37147086E+00,1.10630887E+02,,,,,,,79,B,49 ,H-ZLaF66GT,,,,,,,,,,,,,,,,,,,,,
H-K8,516568,8.90422310E-01,1.09831873E+02,2.20099174E-01,2.47288604E-02,1.04379220E+00,6.57041675E-03,,,,,,,87,D,50 ,H-K8,,,,,,,,,,,,,,,,,,,,,
H-ZF39,667331,1.53633529E-01,6.03806210E-02,1.54070508E+00,1.18591415E-02,1.20956745E+00,1.19979606E+02,,,,,,,90,D,51 ,H-ZF39,,,,,,,,,,,,,,,,,,,,,
H-K6,511605,,,,,,,2.25024516E+00,-7.58714819E-03,1.26303778E-02,-2.29001819E-04,5.80225939E-05,-2.84094604E-06,85,D,51 ,H-K6,,,,,,,,,,,,,,,,,,,,,
H-K7,515606,8.54802452E-01,1.03204260E+02,4.42226826E-01,1.79643059E-02,8.20484068E-01,4.33831623E-03,,,,,,,85,D,51 ,H-K7,,,,,,,,,,,,,,,,,,,,,
H-K5,510634,,,,,,,2.25018356E+00,-8.94066156E-03,1.14317829E-02,-7.33393278E-05,3.49616695E-05,-1.80100775E-06,75,D,51 ,H-K5,,,,,,,,,,,,,,,,,,,,,
D-ZK21,624582,1.31514915E+00,1.03989436E+02,1.08358135E+00,1.43813024E-02,5.13108754E-01,-3.63923910E-04,,,,,,,61,D,51 ,D-ZK21,,,,,,,,,,,,,,,,,,,,,
D-ZK21-25,623581,1.08777542E+00,1.43531981E-02,5.05694645E-01,-4.48862561E-04,1.31533152E+00,1.04063333E+02,,,,,,,61,D,51 ,D-ZK21-25,,,,,,,,,,,,,,,,,,,,,
D-K59,518635,1.12095380E+00,6.57908073E-03,1.52690608E-01,2.35724778E-02,1.07502924E+00,1.06309977E+02,,,,,,,60,B,51 ,D-K59,,,,,,,,,,,,,,,,,,,,,
D-K59-25,517634,1.16665743E+00,7.07953299E-03,1.05028598E-01,2.61090052E-02,9.90269002E-01,9.86724455E+01,,,,,,,60,B,51 ,D-K59-25,,,,,,,,,,,,,,,,,,,,,
D-ZF10,689311,1.81090971E-01,6.06385885E-02,1.38321826E+00,1.32946691E+02,1.57814468E+00,1.22919204E-02,,,,,,,100,B,52 ,D-ZF10,,,,,,,,,,,,,,,,,,,,,
D-ZF10-25,687312,1.39531577E+00,1.34661574E+02,1.80389834E-01,6.04305431E-02,1.57395389E+00,1.22657049E-02,,,,,,,100,B,52 ,D-ZF10-25,,,,,,,,,,,,,,,,,,,,,
H-ZBaF4,664355,1.51466661E-01,5.71831045E-02,1.54020133E+00,1.11587138E-02,1.18737385E+00,1.20128948E+02,,,,,,,79,D,52 ,H-ZBaF4,,,,,,,,,,,,,,,,,,,,,
H-LaK12,697562,7.86703112E-01,2.02073208E-03,1.21770392E+00,8.67034790E+01,1.04086924E+00,1.63643393E-02,,,,,,,64,C,54 ,H-LaK12,,,,,,,,,,,,,,,,,,,,,
H-ZLaF52A,806410,1.85313688E+00,9.85534639E-03,3.17938591E-01,3.92611678E-02,1.16396318E+00,9.31032763E+01,,,,,,,61,MA,54 ,H-ZLaF52A,,,,,,,,,,,,,,,,,,,,,
H-ZLaF53B,834372,3.02813825E-01,4.55920200E-02,1.25522353E+00,9.99412194E+01,1.95575794E+00,1.08167110E-02,,,,,,,59,MA,54 ,H-ZLaF53B,,,,,,,,,,,,,,,,,,,,,
H-LaF53,743492,1.52005515E+00,7.46606502E-03,1.09140777E+00,8.19422153E+01,4.52588708E-01,2.63954349E-02,,,,,,,55,A,54 ,H-LaF53,,,,,,,,,,,,,,,,,,,,,
D-ZK3L,592607,6.38506128E-01,2.16674072E-03,8.57387558E-01,1.44860621E-02,1.23664057E+00,1.07881152E+02,,,,,,,,D,54 ,D-ZK3L,,,,,,,,,,,,,,,,,,,,,
D-ZK3L-25,591606,6.36443631E-01,2.17371740E-03,8.56921557E-01,1.44861653E-02,1.23247717E+00,1.07585666E+02,,,,,,,,D,54 ,D-ZK3L-25,,,,,,,,,,,,,,,,,,,,,
H-LaK5A,678555,1.54437415E+00,8.15901025E-03,1.00066972E+00,8.89110754E+01,2.19123775E-01,2.67011064E-02,,,,,,,80,B,55 ,H-LaK5A,,,,,,,,,,,,,,,,,,,,,
QF8,541472,,,,,,,2.32874310E+00,-7.86798000E-03,1.57638540E-02,1.97942350E-04,1.80028920E-05,3.65334740E-07,85,D,56 ,QF8,,,,,,,,,,,,,,,,,,,,,
ZF52,847238,,,,,,,3.24264500E+00,-7.79545833E-03,5.33808621E-02,1.51154152E-03,7.22194744E-05,1.66026590E-05,86,D,57 ,ZF52,,,,,,,,,,,,,,,,,,,,,
H-F52,614346,1.45718564E-01,5.88531707E-02,1.38809572E+00,1.06276429E-02,1.21907399E+00,1.26468492E+02,,,,,,,83,D,57 ,H-F52,,,,,,,,,,,,,,,,,,,,,
H-BaF4,583466,1.32811418E+00,8.68510750E-03,1.26865199E-01,4.40786174E-02,1.04004826E+00,1.20899619E+02,,,,,,,82,D,57 ,H-BaF4,,,,,,,,,,,,,,,,,,,,,
H-BaF6,608462,1.06475107E+00,1.15353950E+02,1.38638809E+00,8.53300947E-03,1.46161462E-01,4.37434703E-02,,,,,,,82,B,57 ,H-BaF6,,,,,,,,,,,,,,,,,,,,,
H-LaF62,720437,1.68895143E+00,9.69035554E-03,1.96642406E-01,4.23750782E-02,1.18909464E+00,1.18147033E+02,,,,,,,70,D,57 ,H-LaF62,,,,,,,,,,,,,,,,,,,,,
H-LaF52,786442,2.25893751E-01,3.91551736E-02,1.88248028E+00,1.00951886E-02,1.11307009E+00,8.50042906E+01,,,,,,,59,A,59 ,H-LaF52,,,,,,,,,,,,,,,,,,,,,
H-LaF4,750350,2.10645313E-01,5.42759294E-02,1.75547352E+00,1.12370777E-02,1.28979005E+00,1.19852069E+02,,,,,,,80,A,60 ,H-LaF4,,,,,,,,,,,,,,,,,,,,,
H-LaK8B,720503,1.55351121E+00,7.93041249E-03,3.42243754E-01,2.80174591E-02,1.07011974E+00,9.02590858E+01,,,,,,,76,D,60 ,H-LaK8B,,,,,,,,,,,,,,,,,,,,,
ZF8,654337,,,,,,,2.65671730E+00,-9.11170440E-03,2.58151970E-02,1.12035640E-03,-4.10668170E-05,6.92420110E-06,76,D,60 ,ZF8,,,,,,,,,,,,,,,,,,,,,
ZF12,762266,,,,,,,2.99506991E+00,-1.65672521E-02,2.56701429E-02,6.70445128E-03,-8.37476647E-04,6.26402774E-05,75,D,60 ,ZF12,,,,,,,,,,,,,,,,,,,,,
H-ZLaF75C,904314,1.59326832E+00,1.15386081E+02,2.99676795E-01,5.68068718E-02,2.18604253E+00,1.27688844E-02,,,,,,,73,B,60 ,H-ZLaF75C,,,,,,,,,,,,,,,,,,,,,
H-BaF2,570495,1.31856447E-01,4.04229746E-02,1.28686729E+00,8.07407390E-03,1.00682520E+00,1.13574742E+02,,,,,,,82,D,61 ,H-BaF2,,,,,,,,,,,,,,,,,,,,,
H-LaF1,694492,1.16155250E+00,1.06692961E+02,1.49000619E+00,7.36542430E-03,3.17836401E-01,3.13945298E-02,,,,,,,71,C,61 ,H-LaF1,,,,,,,,,,,,,,,,,,,,,
H-BaF3,580537,1.16102167E+00,6.37008736E-03,9.26012255E-01,1.07341889E+02,2.90935978E-01,2.65573391E-02,,,,,,,67,D,61 ,H-BaF3,,,,,,,,,,,,,,,,,,,,,
H-ZLaF4LB,911353,3.03787540E-01,5.00877320E-02,2.22145931E+00,1.18758260E-02,1.54968685E+00,1.13957667E+02,,,,,,,66,MA,61 ,H-ZLaF4LB,,,,,,,,,,,,,,,,,,,,,
H-K3,505647,2.96004558E-01,1.85989847E-02,9.40420083E-01,5.13632873E-03,1.00566540E+00,9.75554310E+01,,,,,,,58,D,61 ,H-K3,,,,,,,,,,,,,,,,,,,,,
H-K2,500660,9.51357962E-01,1.12894891E-02,9.69614738E-01,9.91744348E+01,2.73207194E-01,-2.45665699E-03,,,,,,,55,D,61 ,H-K2,,,,,,,,,,,,,,,,,,,,,
ZF7LTT,805255,,,,,,,3.11724527E+00,-9.77958678E-03,4.31752564E-02,2.52279577E-03,-1.17399740E-04,2.07881157E-05,79,D,62 ,ZF7LTT,,,,,,,,,,,,,,,,,,,,,
H-ZLaF55D,835427,2.27765275E-01,4.12221798E-02,2.04686906E+00,1.07489490E-02,1.20888928E+00,8.78518998E+01,,,,,,,64,MA,62 ,H-ZLaF55D,,,,,,,,,,,,,,,,,,,,,
H-ZLaF55C,835427,1.89206469E+00,9.27969961E-03,3.83013491E-01,3.56259460E-02,1.32100138E+00,9.36667669E+01,,,,,,,62,C,62 ,H-ZLaF55C,,,,,,,,,,,,,,,,,,,,,
H-LaF51,700481,1.16091555E+00,1.02913644E+02,1.53441573E+00,7.59735684E-03,2.93141701E-01,3.38071716E-02,,,,,,,80,D,63 ,H-LaF51,,,,,,,,,,,,,,,,,,,,,
H-LaK8A,720503,1.13861881E+00,8.00744660E+01,1.58050538E-01,3.68197669E-02,1.73934635E+00,9.09531981E-03,,,,,,,53,D,63 ,H-LaK8A,,,,,,,,,,,,,,,,,,,,,
H-BaF8,626391,1.18828507E+00,1.28446962E+02,1.43848614E+00,1.01637552E-02,1.40002385E-01,5.24582573E-02,,,,,,,86,D,64 ,H-BaF8,,,,,,,,,,,,,,,,,,,,,
ZF51,785261,,,,,,,3.06187076E+00,-1.38733563E-02,3.29852220E-02,5.07141578E-03,-5.38606629E-04,4.36089245E-05,82,D,64 ,ZF51,,,,,,,,,,,,,,,,,,,,,
ZF50,741278,,,,,,,2.92280840E+00,-1.30295490E-02,2.95400070E-02,4.13083650E-03,-4.47215420E-04,3.71376030E-05,71,D,64 ,ZF50,,,,,,,,,,,,,,,,,,,,,
H-LaK71,703524,1.12850687E+00,1.01092235E+02,5.62111972E-01,2.13536626E-02,1.27965415E+00,6.68008053E-03,,,,,,,50,B,64 ,H-LaK71,,,,,,,,,,,,,,,,,,,,,
H-LaF4GT,750350,2.10645313E-01,5.42759294E-02,1.75547352E+00,1.12370777E-02,1.28979005E+00,1.19852069E+02,,,,,,,80,A,65 ,H-LaF4GT,,,,,,,,,,,,,,,,,,,,,
H-ZLaF75A,904313,1.50615126E+00,1.02994725E+02,2.18809221E+00,1.27716105E-02,2.97955776E-01,5.69661668E-02,,,,,,,73,MA,65 ,H-ZLaF75A,,,,,,,,,,,,,,,,,,,,,
H-LaF54,800422,,,,,,,3.14470202E+00,-1.01059060E-02,3.43096974E-02,-8.33127912E-04,2.17008428E-04,-8.70147899E-06,57,A,65 ,H-LaF54,,,,,,,,,,,,,,,,,,,,,
H-BaK1,530605,6.85984613E-01,1.54934494E-02,9.01677469E-01,1.06588731E+02,6.22429167E-01,2.22670016E-03,,,,,,,73,D,68 ,H-BaK1,,,,,,,,,,,,,,,,,,,,,
H-LaK54,734515,1.20772937E+00,1.76389155E-02,7.37418371E-01,6.66515982E-04,1.35749026E+00,9.69938806E+01,,,,,,,51,B,68 ,H-LaK54,,,,,,,,,,,,,,,,,,,,,
D-LaK6,694531,4.77723115E-01,2.26962287E-02,1.33623366E+00,6.59605302E-03,1.22543438E+00,9.42027569E+01,,,,,,,75,A,69 ,D-LaK6,,,,,,,,,,,,,,,,,,,,,
D-LaK6-25,693531,1.22299893E+00,9.40859262E+01,4.71209941E-01,2.27830104E-02,1.33928922E+00,6.65285316E-03,,,,,,,75,A,69 ,D-LaK6-25,,,,,,,,,,,,,,,,,,,,,
K4A,508611,7.49532263E-01,1.48033503E-02,4.94866234E-01,-2.64092219E-04,9.60168660E-01,9.57190154E+01,,,,,,,47,D,69 ,K4A,,,,,,,,,,,,,,,,,,,,,
H-ZPK1A,618634,9.44049498E-01,1.09035762E+02,1.05017122E+00,1.32903754E-02,5.27568709E-01,7.41462968E-04,,,,,,,99,MA,70 ,H-ZPK1A,,,,,,,,,,,,,,,,,,,,,
H-ZPK5,593683,2.59562934E-01,1.96231869E-02,1.24131969E+00,6.19669959E-03,7.87237390E-01,1.23753444E+02,,,,,,,124,MA,72 ,H-ZPK5,,,,,,,,,,,,,,,,,,,,,
H-FK61B,497816,7.14812161E-01,1.08370689E-02,5.02984998E-01,1.32155859E-03,8.36119846E-01,1.53360674E+02,,,,,,,127,MA,74 ,H-FK61B,,,,,,,,,,,,,,,,,,,,,
H-ZF52A,847238,,,,,,,3.25068620E+00,-1.33942217E-02,4.83625913E-02,3.14442751E-03,-1.97073674E-04,3.47645679E-05,84,D,74 ,H-ZF52A,,,,,,,,,,,,,,,,,,,,,
H-BaF5,606439,1.06904566E+00,1.12003965E+02,1.04157510E-01,5.16103587E-02,1.41843612E+00,9.56493179E-03,,,,,,,82,D,77 ,H-BaF5,,,,,,,,,,,,,,,,,,,,,
H-LaK67,670517,3.88812223E-01,2.50904368E-02,1.10534294E+00,1.13004440E+02,1.34453139E+00,7.15875972E-03,,,,,,,70,D,77 ,H-LaK67,,,,,,,,,,,,,,,,,,,,,
D-K9GT,516641,5.67853792E-01,2.38581579E-03,7.02269689E-01,1.35348332E-02,1.08102455E+00,1.07748228E+02,,,,,,,63,B,77 ,D-K9GT,,,,,,,,,,,,,,,,,,,,,
D-K9GT-25,516640,1.08234297E+00,1.07907645E+02,5.48438846E-01,2.19092900E-03,7.19999855E-01,1.34070020E-02,,,,,,,63,B,77 ,D-K9GT-25,,,,,,,,,,,,,,,,,,,,,
H-ZLaF52,806410,,,,,,,3.16943454E+00,-1.24379117E-02,3.22101116E-02,1.81456299E-04,8.90652926E-05,-1.91933145E-06,58,D,78 ,H-ZLaF52,,,,,,,,,,,,,,,,,,,,,
H-LaK6A,694534,1.13018444E+00,8.14541493E+01,1.60589000E+00,8.17222723E-03,2.07868982E-01,3.03803140E-02,,,,,,,56,A,78 ,H-LaK6A,,,,,,,,,,,,,,,,,,,,,
H-LaF55,762401,1.73920103E+00,9.74400845E-03,1.16162575E+00,1.11118099E+02,2.79488106E-01,4.23325277E-02,,,,,,,82,D,79 ,H-LaF55,,,,,,,,,,,,,,,,,,,,,
H-FK61,497816,5.02504076E-01,1.32743798E-03,7.15240076E-01,1.08378966E-02,8.36628986E-01,1.55933755E+02,,,,,,,131,MA,80 ,H-FK61,,,,,,,,,,,,,,,,,,,,,
H-BaF7,614400,1.08754258E+00,1.17535981E+02,1.41618001E+00,1.00875311E-02,1.26987130E-01,5.26006682E-02,,,,,,,83,D,81 ,H-BaF7,,,,,,,,,,,,,,,,,,,,,
H-ZLaF71AGT,850322,1.54172779E+00,1.31963779E+02,2.03469901E+00,1.25481283E-02,2.64811834E-01,5.59794710E-02,,,,,,,72,D,81 ,H-ZLaF71AGT,,,,,,,,,,,,,,,,,,,,,
H-ZLaF4LA,911353,2.21255100E+00,1.18172540E-02,3.12542616E-01,4.95862580E-02,1.56862457E+00,1.15526490E+02,,,,,,,71,MA,81 ,H-ZLaF4LA,,,,,,,,,,,,,,,,,,,,,
H-ZLaF76A,850300,2.00079286E+00,1.29599870E-02,1.53020671E+00,1.31107483E+02,2.89955307E-01,5.77379770E-02,,,,,,,64,B,82 ,H-ZLaF76A,,,,,,,,,,,,,,,,,,,,,
H-ZLaF90A,001255,2.34543127E+00,1.41722355E-02,4.62434366E-01,6.12622200E-02,1.97876853E+00,1.29818490E+02,,,,,,,73,D,83 ,H-ZLaF90A,,,,,,,,,,,,,,,,,,,,,
H-ZLaF90,001254,4.94167183E-01,6.02358038E-02,2.31375143E+00,1.37149187E-02,2.27929870E+00,1.48088436E+02,,,,,,,70,A,83 ,H-ZLaF90,,,,,,,,,,,,,,,,,,,,,
H-ZPK2A,603655,,,,,,,2.53073192E+00,-8.34429910E-03,1.46551845E-02,-2.16647389E-04,5.35525389E-05,-2.46158263E-06,93,MA,84 ,H-ZPK2A,,,,,,,,,,,,,,,,,,,,,
H-LaK61,741526,,,,,,,2.96883578E+00,-1.37037464E-02,2.24806873E-02,1.30227060E-04,3.52478352E-05,-1.34827056E-06,58,D,86 ,H-LaK61,,,,,,,,,,,,,,,,,,,,,
D-ZK79,609579,7.56950911E-01,3.14478995E-03,7.88924494E-01,1.62552471E-02,1.10449853E+00,1.12960367E+02,,,,,,,81,D,87 ,D-ZK79,,,,,,,,,,,,,,,,,,,,,
D-ZK79-25,608578,7.54687333E-01,3.15353195E-03,7.88729239E-01,1.62517857E-02,1.10213843E+00,1.12786360E+02,,,,,,,81,D,87 ,D-ZK79-25,,,,,,,,,,,,,,,,,,,,,
H-ZLaF91,001292,3.84293199E-01,5.75837118E-02,2.44631619E+00,1.37640864E-02,1.89452351E+00,1.28018843E+02,,,,,,,75,A,87 ,H-ZLaF91,,,,,,,,,,,,,,,,,,,,,
H-LaF6LA,757477,1.12023521E+00,3.35766705E-03,8.97573526E-01,2.27710735E-02,1.36654860E+00,9.20376324E+01,,,,,,,57,D,87 ,H-LaF6LA,,,,,,,,,,,,,,,,,,,,,
H-LaF7,782371,1.85620526E+00,1.09606128E-02,1.38494652E+00,1.14477380E+02,2.23526441E-01,5.05771615E-02,,,,,,,80,D,89 ,H-LaF7,,,,,,,,,,,,,,,,,,,,,
H-ZLaF71,850323,2.76154598E-01,5.57996382E-02,2.02569085E+00,1.20700588E-02,1.44513509E+00,9.98778223E+01,,,,,,,76,D,91 ,H-ZLaF71,,,,,,,,,,,,,,,,,,,,,
D-LaK5,678549,6.05031570E-01,2.87640355E-08,1.15901922E+00,1.58370520E-02,1.30308775E+00,1.01946508E+02,,,,,,,73,D,91 ,D-LaK5,,,,,,,,,,,,,,,,,,,,,
D-LaK5-25,677548,6.02363510E-01,3.07499779E-08,1.15823046E+00,1.58379352E-02,1.30267215E+00,1.01976296E+02,,,,,,,73,D,91 ,D-LaK5-25,,,,,,,,,,,,,,,,,,,,,
H-LaFL5,754375,1.26562517E+00,1.02654797E+02,1.81324770E+00,1.11614870E-02,1.73525791E-01,5.41388764E-02,,,,,,,70,D,92 ,H-LaFL5,,,,,,,,,,,,,,,,,,,,,
D-ZLaF52LA,810410,1.88205933E+00,9.84915169E-03,3.02908859E-01,4.06191391E-02,1.25387380E+00,9.58936040E+01,,,,,,,66,A,93 ,D-ZLaF52LA,,,,,,,,,,,,,,,,,,,,,
D-ZLaF52LA-25,809410,1.85743559E+00,9.62363637E-03,3.23469816E-01,3.98398385E-02,1.28949460E+00,9.84654718E+01,,,,,,,66,A,93 ,D-ZLaF52LA-25,,,,,,,,,,,,,,,,,,,,,
H-ZLaF53BGT,834372,3.02813825E-01,4.55920200E-02,1.25522353E+00,9.99412194E+01,1.95575794E+00,1.08167110E-02,,,,,,,59,B,93 ,H-ZLaF53BGT,,,,,,,,,,,,,,,,,,,,,
D-QK3L,487704,6.01737491E-01,1.25749740E-02,8.58737004E-01,9.23325663E+01,5.86761501E-01,2.68750900E-03,,,,,,,91,D,94 ,D-QK3L,,,,,,,,,,,,,,,,,,,,,
D-QK3L-25,487704,8.34888200E-01,9.01036067E+01,1.40256117E-01,1.99283160E-02,1.04638050E+00,6.08195700E-03,,,,,,,91,D,94 ,D-QK3L-25,,,,,,,,,,,,,,,,,,,,,
H-LaK3,747510,1.27801447E+00,9.06830082E+01,1.19473815E+00,1.81704833E-02,7.93028102E-01,1.08737276E-03,,,,,,,60,D,94 ,H-LaK3,,,,,,,,,,,,,,,,,,,,,
H-ZLaF51,805396,1.22431136E+00,9.12451830E+01,3.02590305E-01,4.26067628E-02,1.86090715E+00,9.87031560E-03,,,,,,,52,D,96 ,H-ZLaF51,,,,,,,,,,,,,,,,,,,,,
H-QK1,470669,8.41944073E-01,9.32638704E+01,9.91785467E-01,1.03998728E-02,1.46213376E-01,-8.20300741E-03,,,,,,,73,D,98 ,H-QK1,,,,,,,,,,,,,,,,,,,,,
H-TF3L,613441,1.35609817E+00,8.23370212E-03,1.92047799E-01,4.10079104E-02,1.32583600E+00,1.11798686E+02,,,,,,,63,MA,100 ,H-TF3L,,,,,,,,,,,,,,,,,,,,,
H-ZF52TT,847238,4.09982615E-01,6.21421199E-02,2.37517176E+00,1.85055134E+02,1.83913582E+00,1.36093459E-02,,,,,,,88,D,101 ,H-ZF52TT,,,,,,,,,,,,,,,,,,,,,
H-ZLaF76,850301,2.79518569E-01,5.93856526E-02,2.01429741E+00,1.26257440E-02,1.55073360E+00,1.00032291E+02,,,,,,,68,C,104 ,H-ZLaF76,,,,,,,,,,,,,,,,,,,,,
D-LaK52,731539,1.04647517E+00,1.73536556E-02,8.89910862E-01,2.98398431E-03,1.23173612E+00,8.71100488E+01,,,,,,,61,D,106 ,D-Lak52,,,,,,,,,,,,,,,,,,,,,
D-LaK52-25,729539,1.04345567E+00,1.73669450E-02,8.88612736E-01,3.01494124E-03,1.23102650E+00,8.71255673E+01,,,,,,,61,D,106 ,D-LaK52-25,,,,,,,,,,,,,,,,,,,,,
H-ZLaF89LA,954323,3.27389992E-01,5.40655051E-02,2.34297817E+00,1.28967360E-02,1.76955342E+00,1.23881024E+02,,,,,,,71,D,108 ,H-ZLaF89LA,,,,,,,,,,,,,,,,,,,,,
H-ZLaF2A,803468,1.76389273E+00,8.42148915E-03,4.07585264E-01,3.04194282E-02,1.27020239E+00,8.95802552E+01,,,,,,,58,D,113 ,H-ZLaF2A,,,,,,,,,,,,,,,,,,,,,
D-LaK70,669554,6.16886534E-01,2.49888602E-04,1.11924765E+00,1.58113883E-02,1.29814839E+00,1.02017679E+02,,,,,,,73,D,115 ,D-LaK70,,,,,,,,,,,,,,,,,,,,,
D-LaK70-25,668553,6.15746796E-01,3.10601738E-04,1.11671184E+00,1.58114210E-02,1.29436779E+00,1.02149797E+02,,,,,,,73,D,115 ,D-LaK70-25,,,,,,,,,,,,,,,,,,,,,
H-ZLaF1,802443,5.13637795E-01,3.13064446E-02,1.65030785E+00,7.35388780E-03,1.47644096E+00,1.00105262E+02,,,,,,,53,D,115 ,H-ZLaF1,,,,,,,,,,,,,,,,,,,,,
H-ZLaF92A,003283,3.58949160E-01,6.04085851E-02,2.47548793E+00,1.44112384E-02,1.96701528E+00,1.31053620E+02,,,,,,,73,D,116 ,H-ZLaF92A,,,,,,,,,,,,,,,,,,,,,
H-ZLaF92,003283,1.86762237E+00,1.23078620E+02,3.75569196E-01,5.96643730E-02,2.45933103E+00,1.41481580E-02,,,,,,,69,A,116 ,H-ZLaF92,,,,,,,,,,,,,,,,,,,,,
H-LaK53A,755523,1.21007394E+00,5.21679919E-03,1.19495815E+00,8.35557501E+01,8.06533246E-01,2.00803500E-02,,,,,,,61,D,116 ,H-LaK53A,,,,,,,,,,,,,,,,,,,,,
H-TF5,654395,1.55856807E+00,1.10562787E-02,1.09731968E-01,5.44047450E-02,1.10774896E+00,8.83222356E+01,,,,,,,65,D,117 ,H-TF5,,,,,,,,,,,,,,,,,,,,,
H-ZLaF68N,883392,1.49455025E+00,1.09762523E+02,2.07574257E+00,1.04040770E-02,3.61138143E-01,4.12621420E-02,,,,,,,58,MA,117 ,H-ZLaF68N,,,,,,,,,,,,,,,,,,,,,
H-ZLaF75B,904314,3.22804345E-01,5.52627060E-02,2.16371144E+00,1.24574436E-02,1.59867722E+00,1.08245897E+02,,,,,,,70,D,118 ,H-ZLaF75B,,,,,,,,,,,,,,,,,,,,,
H-TK9,621603,1.48780165E+00,7.71068486E-03,8.95204948E-01,1.27354817E+02,9.57463553E-02,3.76688994E-02,,,,,,,111,C,120 ,H-TK9,,,,,,,,,,,,,,,,,,,,,
H-ZLaF89L,954323,2.33250033E+00,1.27519393E-02,3.38027439E-01,5.35631807E-02,1.63568735E+00,1.14949418E+02,,,,,,,72,B,120 ,H-ZLaF89L,,,,,,,,,,,,,,,,,,,,,
H-ZLaF68NB,883392,2.08929269E+00,1.06314610E-02,3.47248008E-01,4.14143957E-02,1.58624783E+00,1.20087801E+02,,,,,,,71,D,120 ,H-ZLaF68NB,,,,,,,,,,,,,,,,,,,,,
D-ZLaF81,809410,1.88618750E+00,9.91169457E-03,2.94671919E-01,4.09687583E-02,1.27989084E+00,9.77975230E+01,,,,,,,64,D,123 ,D-ZLaF81,,,,,,,,,,,,,,,,,,,,,
D-ZLaF81-25,808410,1.90958888E+00,1.02182926E-02,2.66893034E-01,4.21328894E-02,1.26585975E+00,9.70733228E+01,,,,,,,64,D,123 ,D-ZLaF81-25,,,,,,,,,,,,,,,,,,,,,
H-FK71,457903,2.22266610E-01,1.40651220E-02,8.80444178E-01,4.20457400E-03,7.97848915E-01,1.71029818E+02,,,,,,,136,MA,124 ,H-FK71,,,,,,,,,,,,,,,,,,,,,
D-ZLaF85LN,846401,1.92017081E+00,9.61912018E-03,3.86379034E-01,3.89567822E-02,1.29116600E+00,9.79773368E+01,,,,,,,63,C,124 ,D-ZLaF85LN,,,,,,,,,,,,,,,,,,,,,
D-ZLaF85LN-25,844401,1.22657126E+00,9.36444885E+01,3.67411998E-01,3.94561346E-02,1.93493865E+00,9.82834912E-03,,,,,,,63,C,124 ,D-ZLaF85LN-25,,,,,,,,,,,,,,,,,,,,,
H-ZLaF50D,804466,4.97440659E-01,2.85446966E-02,1.67780264E+00,7.88379288E-03,1.32327423E+00,9.40514342E+01,,,,,,,62,D,124 ,H-ZLaF50D,,,,,,,,,,,,,,,,,,,,,
H-K1,500621,8.41282669E-01,1.03641667E+02,1.01521166E+00,6.23224915E-03,2.04021337E-01,2.20570420E-02,,,,,,,87,D,126 ,H-K1,,,,,,,,,,,,,,,,,,,,,
D-LaF53,743493,6.45397592E-01,2.34993570E-02,1.17528667E+00,8.77755219E+01,1.32747885E+00,6.06015970E-03,,,,,,,56,B,126 ,D-LaF53,,,,,,,,,,,,,,,,,,,,,
D-LaF53-25,742493,1.32239317E+00,6.06224219E-03,6.46347208E-01,2.34824415E-02,1.17507569E+00,8.78164211E+01,,,,,,,56,B,126 ,D-LaF53-25,,,,,,,,,,,,,,,,,,,,,
D-ZPK1A,621638,7.23324526E-01,2.88945758E-03,8.63552452E-01,1.42439384E-02,9.85077169E-01,1.16596916E+02,,,,,,,105,B,136 ,D-ZPK1A,,,,,,,,,,,,,,,,,,,,,
D-ZPK1A-25,620638,8.60621496E-01,1.42471941E-02,7.23408663E-01,2.93226364E-03,9.15278780E-01,1.09074599E+02,,,,,,,105,B,136 ,D-ZPK1A-25,,,,,,,,,,,,,,,,,,,,,
H-ZPK3,593673,8.14545367E-01,3.53645413E-03,1.10558900E+00,1.11251357E+02,6.90102416E-01,1.41865271E-02,,,,,,,96,B,138 ,H-ZPK3,,,,,,,,,,,,,,,,,,,,,
H-ZLaF96,051270,2.57270171E+00,1.48425684E-02,4.32410400E-01,5.98520451E-02,2.34870537E+00,1.56640293E+02,,,,,,,72,D,138 ,H-ZLaF96,,,,,,,,,,,,,,,,,,,,,
H-ZF72A,923189,4.70478653E-01,7.36024509E-02,2.55040233E+00,1.49306621E+02,2.00593441E+00,1.62999226E-02,,,,,,,67,MA,138 ,H-ZF72A,,,,,,,,,,,,,,,,,,,,,
H-ZF62,923209,2.55246796E+00,1.62450683E+02,4.65681607E-01,6.95600810E-02,2.02894680E+00,1.47711380E-02,,,,,,,64,MA,138 ,H-ZF62,,,,,,,,,,,,,,,,,,,,,
H-ZF88,946179,2.04275349E+00,1.69742976E-02,1.98276153E+00,1.09068151E+02,5.04267829E-01,7.51710710E-02,,,,,,,60,MA,138 ,H-ZF88,,,,,,,,,,,,,,,,,,,,,
H-ZLaF3,855366,,,,,,,3.33260614E+00,-1.42217301E-02,3.66299952E-02,1.02037909E-03,-3.17481272E-06,5.76556277E-06,60,C,138 ,H-ZLaF3,,,,,,,,,,,,,,,,,,,,,
D-FK61A,497816,7.14812161E-01,1.08370689E-02,5.02984998E-01,1.32155859E-03,8.36119846E-01,1.53360674E+02,,,,,,,126,MA,140 ,D-FK61A,,,,,,,,,,,,,,,,,,,,,
D-FK61A-25,497816,7.14581002E-01,1.08378966E-02,5.02174967E-01,1.32310137E-03,8.38296164E-01,1.53775939E+02,,,,,,,126,MA,140 ,D-FK61A-25,,,,,,,,,,,,,,,,,,,,,
H-ZLaF78B,901371,2.99636528E-01,4.70546260E-02,2.19452718E+00,1.15403970E-02,1.53572385E+00,1.12608928E+02,,,,,,,68,D,141 ,H-ZLaF78B,,,,,,,,,,,,,,,,,,,,,
D-ZPK5,593683,2.59562934E-01,1.96231869E-02,1.24131969E+00,6.19669959E-03,7.87237390E-01,1.23753444E+02,,,,,,,123,D,150 ,D-ZPK5,,,,,,,,,,,,,,,,,,,,,
D-ZPK5-25,592683,3.53073711E-01,1.78712877E-02,1.14580426E+00,5.63723799E-03,7.95754681E-01,1.25202885E+02,,,,,,,123,D,150 ,D-ZPK5-25,,,,,,,,,,,,,,,,,,,,,
H-FK55,550752,5.34931974E-01,1.28059279E-03,8.39050115E-01,1.16444604E-02,8.86511647E-01,1.43252236E+02,,,,,,,114,A,151 ,H-FK55,,,,,,,,,,,,,,,,,,,,,
D-LaF50,774496,1.34473873E+00,6.03619400E-03,1.13288204E+00,9.55213185E+01,7.31048914E-01,2.27061980E-02,,,,,,,73,MA,156 ,D-LaF50,,,,,,,,,,,,,,,,,,,,,
D-LaF50-25,773495,7.34700246E-01,2.26667460E-02,1.33716574E+00,6.01676900E-03,1.13513348E+00,9.57512696E+01,,,,,,,73,MA,156 ,D-LaF50-25,,,,,,,,,,,,,,,,,,,,,
H-FK95N,438945,9.73027043E-01,4.91945800E-03,7.73632160E-02,1.82009400E-02,6.87944956E-01,1.59446090E+02,,,,,,,144,MA,158 ,H-FK95N,,,,,,,,,,,,,,,,,,,,,
H-ZF88GT,946179,2.04275349E+00,1.69742976E-02,1.98276153E+00,1.09068151E+02,5.04267829E-01,7.51710710E-02,,,,,,,60,MA,159 ,H-ZF88GT,,,,,,,,,,,,,,,,,,,,,
D-LaF050,768493,6.53249512E-01,2.36442880E-02,1.20557745E+00,8.55377962E+01,1.40453781E+00,6.36401500E-03,,,,,,,57,D,162 ,D-LaF050,,,,,,,,,,,,,,,,,,,,,
D-LaF050-25,767492,1.22950343E+00,8.73071190E+01,6.41767823E-01,2.37652160E-02,1.41136391E+00,6.45932700E-03,,,,,,,57,D,162 ,D-LaF050-25,,,,,,,,,,,,,,,,,,,,,
H-ZF62GT,923209,2.55246796E+00,1.62450683E+02,4.65681607E-01,6.95600810E-02,2.02894680E+00,1.47711380E-02,,,,,,,64,A,167 ,H-ZF62GT,,,,,,,,,,,,,,,,,,,,,
H-ZPK7,569713,7.25400532E-01,2.96983783E-03,7.03767661E-01,1.34342640E-02,7.72283140E-01,1.35211711E+02,,,,,,,134,MA,169 ,H-ZPK7,,,,,,,,,,,,,,,,,,,,,
D-LaF79,731405,2.65304560E-01,4.20844203E-02,1.45255299E+00,1.17349274E+02,1.65170478E+00,9.35611552E-03,,,,,,,90,D,171 ,D-LaF79,,,,,,,,,,,,,,,,,,,,,
D-LaF79-25,730405,2.44124156E-01,4.30784572E-02,1.39592511E+00,1.13324709E+02,1.66977539E+00,9.64211165E-03,,,,,,,90,D,171 ,D-LaF79-25,,,,,,,,,,,,,,,,,,,,,
D-FK61,497816,8.72991432E-01,4.22111331E-03,7.56437828E-01,1.51201184E+02,3.44497102E-01,1.38938225E-02,,,,,,,145,D,173 ,D-FK61,,,,,,,,,,,,,,,,,,,,,
D-FK61-25,497815,8.94432499E-01,4.36678978E-03,3.21652123E-01,1.41909741E-02,7.48704285E-01,1.49771388E+02,,,,,,,145,D,173 ,D-FK61-25,,,,,,,,,,,,,,,,,,,,,
H-ZF72AGT,923189,4.70478653E-01,7.36024509E-02,2.55040233E+00,1.49306621E+02,2.00593441E+00,1.62999226E-02,,,,,,,67,B,176 ,H-ZF72AGT,,,,,,,,,,,,,,,,,,,,,
TF3,612441,,,,,,,2.54141593E+00,-1.06607788E-02,2.17167210E-02,-4.01848477E-04,1.22475727E-04,-4.77764130E-06,55,D,180 ,TF3,,,,,,,,,,,,,,,,,,,,,
D-FK95,438945,9.73027043E-01,4.91945800E-03,7.73632160E-02,1.82009400E-02,6.87944956E-01,1.59446090E+02,,,,,,,143,B,189 ,D-FK95,,,,,,,,,,,,,,,,,,,,,
D-FK95-25,437944,9.89211963E-01,5.06590700E-03,6.01412620E-02,1.97053860E-02,6.85377886E-01,1.58935083E+02,,,,,,,143,B,189 ,D-FK95-25,,,,,,,,,,,,,,,,,,,,,
D-ZPK7,569713,7.25400532E-01,2.96983783E-03,7.03767661E-01,1.34342640E-02,7.72283140E-01,1.35211711E+02,,,,,,,133,D,189 ,D-ZPK7,,,,,,,,,,,,,,,,,,,,,
D-ZPK7-25,569712,7.14112710E-01,1.33604289E-02,7.13400795E-01,2.89391230E-03,7.65480668E-01,1.34125223E+02,,,,,,,133,D,189 ,D-ZPK7-25,,,,,,,,,,,,,,,,,,,,,
D-ZPK3,594673,9.22289896E-01,1.26503387E-02,5.84492874E-01,1.76614589E-03,1.04970792E+00,1.06089243E+02,,,,,,,92,D,190 ,D-ZPK3,,,,,,,,,,,,,,,,,,,,,
D-ZPK3-25,593672,5.80374258E-01,1.72131188E-03,9.23503788E-01,1.26541722E-02,1.03923776E+00,1.05366349E+02,,,,,,,92,D,190 ,D-ZPK3-25,,,,,,,,,,,,,,,,,,,,,
H-ZLaF69A,816466,1.39269903E+00,5.93335223E-03,8.23697428E-01,2.40980834E-02,1.29547295E+00,9.53762858E+01,,,,,,,64,A,194 ,H-ZLaF69A,,,,,,,,,,,,,,,,,,,,,
H-ZLaF69,816466,6.59414732E-01,2.56059960E-02,1.55675638E+00,7.27769577E-03,1.25417967E+00,9.31176682E+01,,,,,,,64,C,217 ,H-ZLaF69,,,,,,,,,,,,,,,,,,,,,
H-ZLaF68C,883409,1.58833884E+00,6.89365045E-03,8.51761035E-01,2.88290435E-02,1.58277416E+00,1.25035659E+02,,,,,,,70,A,227 ,H-ZLaF68C,,,,,,,,,,,,,,,,,,,,,
D-ZLaF61,822427,4.27425860E-01,3.44432015E-02,1.80371405E+00,8.78105468E-03,1.26949160E+00,9.97953670E+01,,,,,,,66,D,249 ,D-ZLaF61,,,,,,,,,,,,,,,,,,,,,
D-ZLaF61-25,821427,3.84732155E-01,3.55326885E-02,1.84240920E+00,9.16902591E-03,1.21280764E+00,9.59091697E+01,,,,,,,66,D,249 ,D-ZLaF61-25,,,,,,,,,,,,,,,,,,,,,
D-ZF93,002207,1.51323628E+00,1.06262695E+02,2.16740096E+00,1.42318570E-02,6.06108042E-01,6.66586743E-02,,,,,,,78,D,252 ,D-ZF93,,,,,,,,,,,,,,,,,,,,,
D-ZF93-25,000207,1.43302280E+00,1.01185435E+02,2.13630545E+00,1.38161232E-02,6.30184037E-01,6.58578450E-02,,,,,,,78,D,252 ,D-ZF93-25,,,,,,,,,,,,,,,,,,,,,
H-ZF71GT,808227,4.06804868E-01,6.45152130E-02,1.70831097E+00,1.27703237E-02,2.36137303E+00,1.63275585E+02,,,,,,,93,B,253 ,H-ZF71GT,,,,,,,,,,,,,,,,,,,,,
D-ZLaF50,803455,1.13754975E+00,8.76010757E+01,2.73775570E-01,3.48809856E-02,1.89653755E+00,9.82589937E-03,,,,,,,62,D,254 ,D-ZLaF50,,,,,,,,,,,,,,,,,,,,,
D-ZLaF50-25,802455,2.81077854E-01,3.46761107E-02,1.19505397E+00,9.18385642E+01,1.88534009E+00,9.75311743E-03,,,,,,,62,D,254 ,D-ZLaF50-25,,,,,,,,,,,,,,,,,,,,,
D-PK3,525704,6.31688714E-01,1.27792227E-02,6.66896432E-01,3.13927857E-03,8.74644819E-01,9.01740670E+01,,,,,,,81,D,255 ,D-PK3,,,,,,,,,,,,,,,,,,,,,
D-PK3-25,524703,5.13407653E-01,1.73535467E-03,9.23806373E-01,9.53262202E+01,7.81224837E-01,1.18350221E-02,,,,,,,81,D,255 ,D-PK3-25,,,,,,,,,,,,,,,,,,,,,
H-ZF71,808227,4.06804868E-01,6.45152130E-02,1.70831097E+00,1.27703237E-02,2.36137303E+00,1.63275585E+02,,,,,,,93,C,258 ,H-ZF71,,,,,,,,,,,,,,,,,,,,,
H-ZLaF73,881402,5.07090015E-01,3.49987602E-02,1.92430260E+00,9.42878144E-03,1.49886410E+00,1.16086666E+02,,,,,,,68,D,267 ,H-ZLaF73,,,,,,,,,,,,,,,,,,,,,
H-TF29,770298,3.11395761E-01,5.35069704E-02,1.70916917E+00,1.19662527E-02,2.21765932E+00,1.70990180E+02,,,,,,,78,D,278 ,H-TF29,,,,,,,,,,,,,,,,,,,,,
D-ZLaF67,884372,2.10977576E+00,1.11387884E-02,3.24313076E-01,4.53343979E-02,1.37618163E+00,1.04419881E+02,,,,,,,67,D,278 ,D-ZLaF67,,,,,,,,,,,,,,,,,,,,,
D-ZLaF67-25,883372,1.36012388E+00,1.03579888E+02,2.09601012E+00,1.10379620E-02,3.33537105E-01,4.49413554E-02,,,,,,,67,D,278 ,D-ZLaF67-25,,,,,,,,,,,,,,,,,,,,,
H-ZF73,959175,5.28336971E-01,7.59305743E-02,2.05959954E+00,1.71346469E-02,3.58638080E+00,1.89364809E+02,,,,,,,58,C,279 ,H-ZF73,,,,,,,,,,,,,,,,,,,,,
D-ZLaF85A,852401,1.95969458E+00,1.01035507E-02,3.69797190E-01,3.86876073E-02,1.41004927E+00,1.07905684E+02,,,,,,,,A,307 ,D-ZLaF85A,,,,,,,,,,,,,,,,,,,,,
D-ZLaF85A-25,851401,1.37428361E+00,1.05610997E+02,4.12199165E-01,3.73787374E-02,1.91320505E+00,9.75370563E-03,,,,,,,,A,307 ,D-ZLaF85A-25,,,,,,,,,,,,,,,,,,,,,
H-ZLaF68B,883408,,,,,,,3.43418261E+00,-1.06199538E-02,4.00046303E-02,-6.37942235E-04,2.16353029E-04,-8.49876445E-06,68,D,362 ,H-ZLaF68B,,,,,,,,,,,,,,,,,,,,,
H-ZF73GT,959175,5.28336971E-01,7.59305743E-02,2.05959954E+00,1.71346469E-02,3.58638080E+00,1.89364809E+02,,,,,,,58,B,367 ,H-ZF73GT,,,,,,,,,,,,,,,,,,,,,
D-ZLaF85L,854406,5.16695305E-01,3.40497474E-02,1.81900011E+00,8.95670808E-03,1.42320717E+00,1.10045928E+02,,,,,,,63,D,371 ,D-ZLaF85L,,,,,,,,,,,,,,,,,,,,,
D-ZLaF85L-25,853405,1.71754157E+00,8.12526680E-03,6.14249641E-01,3.23072933E-02,1.49329677E+00,1.15416839E+02,,,,,,,63,D,371 ,D-ZLaF85L-25,,,,,,,,,,,,,,,,,,,,,
D-ZLaF85LS,855406,6.38690484E-01,3.19257637E-02,1.69998504E+00,7.91790668E-03,1.45547394E+00,1.12179157E+02,,,,,,,63,D,371 ,D-ZLaF85LS,,,,,,,,,,,,,,,,,,,,,
D-ZLaF85LS-25,853406,1.70152719E+00,7.96295658E-03,6.33298236E-01,3.20099725E-02,1.43191921E+00,1.10679270E+02,,,,,,,63,D,371 ,D-ZLaF85LS-25,,,,,,,,,,,,,,,,,,,,,
